1981,01,.0,.0,.0,.0,.0,.0,.0,.0,.0,.0,.0,.0,.0,.0,.0,.0,.0,.0,.0,.0,.0,.0,.0,.0,.0,.0,.0,.0,.0,.0,.0
1981,02,.0,.0,.0,.0,.0,.0,.0,.0,.0,.0,.0,.0,.0,.0,.0,.0,.0,.0,.0,.0,.0,.0,.0,.0,.0,.0,.0,.0
1981,03,.0,.0,.0,.0,.0,.0,.0,.0,.0,.0,.0,.0,.0,.0,.0,.0,.0,.0,.0,.0,.0,.0,.0,.0,.0,.0,.0,.0,.0,.0,.0
1981,04,.0,.0,.0,.0,.0,.0,.0,.0,.0,.0,.0,.0,.0,.0,.0,.0,.0,.0,.0,.0,.0,.0,.0,.0,.0,.0,.0,8.1,.0,.0
1981,05,.0,.0,.0,7.1,.0,.0,.0,.0,.0,.0,.0,.0,.0,.0,.0,.0,.0,.0,.0,.0,.0,.0,.0,.0,.0,.0,.0,.0,.0,.0,7.3
1981,06,24.0,.0,5.1,.0,.0,75.0,.0,.0,.0,.0,.0,.0,53.0,.0,.0,16.2,2.3,.0,.0,.0,.0,.0,1.2,.0,.0,.0,2.2,2.3,.0,.0
1981,07,.0,7.4,2.4,1.2,.0,.0,53.1,26.2,13.4,1.1,.2,1.0,.2,1.1,.2,.0,.0,.0,.0,4.3,2.1,.2,.0,.0,6.1,1.0,4.0,.0,.0,.0,.0
1981,08,3.2,4.0,5.0,3.1,7.1,.0,17.2,7.3,.1,.0,.0,7.2,.0,.0,.0,.0,.0,2.0,.0,1.1,2.1,1.3,6.4,1.0,.0,.0,.0,.0,.0,.0,.0
1981,09,.0,.0,.0,.0,.0,68.6,17.1,3.4,1.8,3.0,.0,8.8,.0,.0,2.2,76.4,.0,.0,19.2,9.0,20.2,.6,.8,.0,.0,.0,.0,.0,.0,6.0
1981,10,.0,.0,.0,.0,.0,.0,.0,.0,.0,.0,.0,.0,.0,.0,.0,.0,.0,.0,.0,.0,.0,.0,.0,.0,.0,.0,.0,.0,.0,.0,3.0
1981,11,.0,.0,.0,.0,.0,.0,.0,.0,.0,2.0,12.3,.0,.0,.0,.0,.0,.0,.0,.0,.0,.0,.0,.0,.0,.0,.0,.0,.0,.0,.0
1981,12,.0,.0,.0,.0,.0,.0,.0,.0,.0,.0,.0,.0,.0,.0,.0,.0,.0,.0,.0,.0,.0,.0,.0,.0,.0,.0,.0,.0,.0,.0,.0
1982,01,.0,.0,.0,.0,.0,.0,.0,.0,.0,.0,.0,.0,.0,.0,.0,.0,.0,.0,.0,.0,.0,.0,.0,.0,.0,.0,.0,.0,.0,.0,.0
1982,02,.0,.0,.0,.0,.0,.0,.0,.0,.0,.0,.0,.0,.0,.0,.0,.0,.0,.0,.0,.0,.0,.0,.0,.0,.0,.0,.0,.0
1982,03,.0,.0,.0,.0,.0,.0,.0,.0,.0,.0,.0,.0,.0,.0,.0,.0,.0,.0,.0,.0,.0,.0,.0,.0,.0,.0,.0,.0,.0,.0,.0
1982,04,.0,.0,.0,.0,.0,.0,.0,.0,.0,.0,.0,.0,.0,.0,.0,.0,.0,.0,.0,.0,.0,.0,7.8,.0,.0,.0,.0,.0,.0,.0
1982,05,.0,33.4,.0,.0,.0,.0,.0,.0,.0,.0,.0,.0,.0,.0,.0,.0,.0,.0,.0,.0,.0,.0,6.8,.0,1.8,.0,.0,.0,13.2,23.8,.0
1982,06,.0,30.6,.0,.0,.0,.0,.0,12.2,.4,1.8,.0,.0,.0,.0,.0,.0,.0,.0,13.2,21.6,.0,.0,11.0,.0,.0,.0,.0,.0,.0,.0
1982,07,.0,.0,.0,.0,.0,.0,.0,.0,.0,.0,.0,.0,.0,.0,.0,.6,3.2,4.6,2.2,3.2,.0,.0,.0,6.0,.1,.0,.0,3.0,29.0,1.2,2.4
1982,08,1.0,.0,.0,.0,.0,.0,.0,.0,1.2,1.4,1.0,7.2,4.0,2.2,5.2,4.8,1.2,6.2,1.6,.6,2.4,1.0,1.6,1.2,3.4,1.2,.0,.0,1.2,1.0,.6
1982,09,.0,.0,.0,.0,.0,.0,.0,.0,.0,2.6,.0,.0,.0,.0,.0,.0,.0,.0,.0,12.4,9.6,.0,.0,.0,.0,18.4,3.0,.0,.0,11.4
1982,10,1.0,.0,.0,.0,.0,.0,.0,.0,1.2,.0,.0,.0,.0,.0,.0,.0,.0,.4,5.4,2.0,.0,.0,.0,.0,.0,2.0,51.8,.0,.0,.0,.0
1982,11,.0,.0,.0,.0,.6,10.4,.2,10.2,.0,7.6,.2,.0,.0,.0,.0,.0,.0,.0,.0,.0,.0,.0,.0,.0,.0,.0,.0,.0,.0,.0
1982,12,.0,.0,.0,.0,.0,.0,.0,.0,.0,.0,.0,.0,.0,.0,.0,.0,.0,.0,.0,.0,.0,.0,.0,.0,.0,.0,.0,.0,.0,.0,.0
1983,01,.0,.0,.0,.0,.0,.0,.0,.0,.0,.0,.0,.0,.0,.0,.0,.0,.0,.0,.0,.0,.0,.0,.0,.0,.0,.0,.0,.0,.0,.0,.0
1983,02,.0,.0,.0,.0,.0,.0,.0,.0,.0,.0,.0,.0,.0,.0,.0,.0,.0,.0,.0,.0,.0,.0,.0,.0,.0,.0,.0,.0
1983,03,.0,.0,.0,.0,.0,.0,.0,.0,.0,.0,.0,.0,.0,.0,.0,.0,.0,.0,.0,.0,.0,.0,.0,.0,.0,.0,.0,.0,.0,.0,.0
1983,04,.0,.0,.0,.0,.0,.0,.0,.0,.0,.0,.0,.0,.0,.0,.0,.0,.0,.0,.0,.0,.0,.0,.0,.0,.0,.0,.0,.0,.0,.0
1983,05,.0,.0,.0,.0,.0,.0,.0,.0,.0,.0,.0,.0,.0,.0,.0,2.0,.0,.0,.0,57.8,.0,.0,.0,.0,.0,.0,.0,.0,.0,.0,.0
1983,06,.0,.0,4.8,.0,.0,.0,.0,.0,.0,.0,.0,.0,.0,44.4,31.2,5.4,4.4,.0,2.4,.4,.0,.0,4.8,.6,3.2,2.0,39.2,61.4,46.2,1.2
1983,07,2.4,.0,1.0,.0,.0,.0,.0,.0,.0,.0,.6,.0,2.8,.0,.0,.0,.4,3.6,2.2,7.4,12.2,11.4,5.4,3.8,4.6,2.4,2.4,1.2,.0,1.6,.0
1983,08,.0,.8,1.2,.0,.0,.0,.0,1.2,6.4,1.2,13.2,14.0,8.2,7.6,7.4,20.0,.0,2.2,.6,.0,.0,.0,7.6,.0,5.8,11.2,.0,.0,2.2,.0,.0
1983,09,.0,.0,7.8,.0,.0,.0,.0,.0,.0,.0,2.2,.6,87.4,.4,4.4,2.4,8.6,3.2,6.0,2.4,.0,.0,.0,.0,11.4,3.2,.0,.0,.0,.0
1983,10,.0,.0,.0,14.2,.0,.0,.0,.0,.0,.0,.0,.0,.0,.0,.0,.0,.0,.0,.0,.0,.0,.0,.0,.0,.0,.0,4.6,.0,.0,27.2,.0
1983,11,.0,.0,.0,.0,5.0,.0,.0,.0,.0,.0,.0,.0,.0,.0,.0,.0,.0,.0,.0,.0,.0,.0,.0,.0,.0,.0,.0,.0,.0,.0
1983,12,.0,.0,.0,.0,.0,.0,.0,.0,.0,.0,.0,.0,.0,.0,.0,.0,.0,.0,.0,.0,.0,.0,.0,.0,.0,6.2,.4,.0,.0,.0,.0
1984,01,.0,.0,.0,.0,.0,.0,.0,.0,.0,.0,.0,.0,.0,.0,.0,.0,.0,.0,.0,.0,.0,.0,.0,.0,.0,.0,.0,.0,.0,.0,.0
1984,02,.0,.0,.0,.0,.0,.0,.0,.0,.0,.0,.0,.0,.0,18.6,.0,.0,.0,.0,.0,.0,.0,.0,.0,.0,.0,.0,.0,.0,.0
1984,03,.0,.0,.0,.0,.0,.0,.0,.0,.0,.0,.0,.0,.0,.0,.0,.0,.0,.0,.0,.0,.0,.0,.0,.0,.0,.0,.0,.0,.0,.0,.0
1984,04,.0,.0,.0,.0,4.4,.0,.0,.0,.0,.0,.0,.0,.0,.0,.0,.0,4.8,.0,.0,.0,.0,.0,.0,.0,.0,.0,.0,.0,.0,.0
1984,05,.0,.0,.0,.0,.0,.0,.0,.0,.0,.0,.0,.0,.0,.0,.0,.0,.0,.0,.0,2.1,.0,.0,.0,.0,.0,.0,.0,.0,.0,.0,.0
1984,06,.0,.0,.0,.0,.0,.0,.0,.0,.0,.0,.0,.0,.0,3.4,.0,3.6,2.6,.0,.0,.0,.0,.0,.0,.0,.0,.0,.0,.0,7.2,.2
1984,07,15.0,32.0,.1,2.2,3.2,1.0,.0,.0,.0,.0,.0,.0,.0,.0,16.0,6.0,10.8,13.4,23.8,2.4,.8,.0,4.8,.0,.0,.0,.0,1.0,.0,.6,.0
1984,08,9.8,7.2,2.2,1.0,.0,.0,1.4,.0,.0,.0,.0,5.0,7.6,2.0,1.2,.0,2.8,.0,.8,7.0,3.6,.0,.0,.0,.0,1.2,.4,.0,.0,.0,.0
1984,09,3.4,2.6,3.2,.0,.0,.0,.0,.0,.0,.0,9.2,26.4,.6,.0,.0,.0,.0,.0,.0,.0,.0,2.6,.0,1.8,.0,10.8,.0,25.6,.0,.0
1984,10,.0,.0,.0,.0,.0,8.4,9.8,4.8,32.2,24.2,2.0,14.0,.0,.0,.0,.0,.0,.0,.0,.0,.0,.0,5.4,10.2,.0,.0,.0,.0,.0,.0,.0
1984,11,.0,.0,.0,.0,.0,.0,.0,.0,.0,.0,.0,.0,.0,.0,.0,.0,.0,.0,.0,.0,.0,.0,.0,.0,.0,.0,.0,.0,.0,.0
1984,12,.0,.0,.0,.0,.0,.0,.0,.0,.0,.0,.0,.0,.0,.0,.0,.0,.0,.0,.0,.0,.0,.0,.0,.0,.0,.0,.0,.0,.0,.0,.0
1985,01,.0,.0,.0,.0,.0,.0,.0,.0,.0,.0,.0,.0,.0,.0,.0,.0,.0,.0,.0,.0,.0,.0,.0,.0,.0,.0,.0,.0,.0,.0,.0
1985,02,.0,.0,.0,.0,.0,.0,.0,.0,.0,.0,.0,.0,.0,.0,.0,.0,.0,.0,.0,.0,.0,.0,.0,.0,.0,.0,.0,.0
1985,03,.0,.0,.0,.0,.0,.0,.0,.0,.0,.0,.0,.0,.0,.0,.0,.0,.0,.0,.0,.0,.0,.0,.0,.0,.0,.0,.0,.0,.0,.0,.0
1985,04,.0,.0,.0,.0,.0,.0,.0,.0,.0,.0,.0,.0,.0,.0,.0,.0,.0,.0,.0,.0,.0,.0,.0,.0,.0,.0,.0,.0,.0,.0
1985,05,.0,.0,.0,.0,.0,.0,.0,.0,6.8,6.0,3.6,.0,.0,.0,.0,.0,.0,.0,2.3,.0,.0,.0,.0,.0,.0,.0,.0,63.0,.0,.0,.0
1985,06,.0,.0,.0,.0,.0,.0,.0,.0,.0,2.3,8.0,7.0,.0,.0,.0,.0,15.0,30.0,.0,.0,.0,.0,.0,.0,.0,.0,.0,25.0,1.0,.0
1985,07,.0,.0,.0,6.0,.0,.0,.0,.0,.0,.0,.0,.0,.0,.0,.0,1.0,4.4,13.3,10.0,2.0,3.1,1.0,49.0,2.1,.0,1.0,6.0,.0,1.0,1.0,26.0
1985,08,9.0,4.0,2.0,2.0,.0,1.0,3.2,2.1,12.0,5.0,1.1,2.1,4.4,3.1,1.0,1.0,.0,.0,.0,7.0,.0,.0,.0,2.0,1.0,.0,4.0,.8,.0,.0,.0
1985,09,.0,.0,.0,.0,.0,.0,.0,.0,.0,.0,.0,.0,.0,.0,.0,.0,.0,.0,.0,.0,.0,.0,.0,.0,.0,.0,.0,5.0,2.0,5.3
1985,10,4.0,.0,35.0,3.0,26.0,13.0,8.0,1.2,5.0,2.0,.0,.0,.0,.0,.0,.0,.0,.0,8.0,.0,.0,.0,.0,.0,.0,.0,.0,.0,.0,.0,.0
1985,11,.0,.0,.0,.0,.0,.0,.0,.0,.0,.0,.0,.0,.0,.0,.0,.0,.0,.0,.0,.0,.0,.0,.0,.0,.0,.0,.0,.0,.0,.0
1985,12,.0,.0,.0,.0,.0,.0,.0,.0,.0,.0,.0,.0,.0,.0,.0,.0,.0,.0,.0,.0,.0,.0,.0,.0,.0,.0,.0,.0,.0,.0,.0
1986,01,.0,.0,.0,.0,.0,.0,.0,.0,.0,.0,.0,.0,.0,.0,.0,.0,.0,.0,.0,.0,.0,.0,.0,.0,.0,.0,.0,.0,.0,.0,.0
1986,02,.0,.0,.0,.0,.0,.0,.0,.0,.0,.0,.0,.0,.0,.0,.0,.0,.0,.0,.0,.0,.0,.0,.0,.0,.0,.0,.0,.0
1986,03,.0,.0,.0,.0,.0,.0,.0,.0,.0,.0,.0,.0,.0,.0,.0,.0,.0,.0,.0,.0,.0,.0,.0,.0,.0,.0,.0,.0,.0,.0,.0
1986,04,.0,.0,.0,.0,.0,.0,.0,.0,.0,.0,.0,.0,.0,.0,.0,.0,.0,.0,.0,.0,.0,.0,.0,.0,.0,.0,.0,.0,.0,.0
1986,05,.0,6.2,.0,4.4,.0,.0,.0,.0,.0,.0,.0,.0,.0,71.0,.0,.0,.0,.0,.0,.0,.0,.0,.0,.0,.0,.0,.0,.0,.0,18.2,.0
1986,06,4.8,46.0,.0,.2,.0,5.2,.0,.0,2.2,.0,.0,.0,1.2,7.8,.0,25.0,22.0,7.0,.0,1.6,.0,11.8,4.0,.0,3.0,5.0,4.4,3.2,.8,3.2
1986,07,2.2,.0,.0,.0,.0,.0,.0,2.6,.6,.0,.0,.0,.0,.0,.0,3.0,.0,2.6,3.8,2.6,2.6,4.8,5.0,.0,.0,.0,.0,.0,.0,.0,.0
1986,08,.0,.0,.0,.0,3.0,.0,10.4,29.0,17.0,9.6,10.6,1.0,16.0,1.0,.8,.6,.0,.0,.0,.0,.0,.0,.0,.0,.0,.0,.0,.0,.0,.0,.0
1986,09,.0,.0,.0,.0,.0,.0,.0,.0,.0,.0,.0,.0,.0,.0,.0,.0,.0,10.4,9.0,37.0,38.0,3.0,7.0,3.0,.0,30.6,.0,1.0,7.0,.0
1986,10,.0,.0,8.0,22.0,13.0,.0,.0,.0,.0,.0,.0,.0,.0,.0,.0,.0,.0,.0,.0,.0,.0,.0,.0,.0,.0,.0,.0,.0,.0,.0,17.0
1986,11,.0,4.0,2.0,.0,.0,.0,6.0,12.0,.0,.0,.0,.0,.0,.0,.0,.0,.0,.0,.0,.0,.0,.0,.0,.0,.0,.0,.0,.0,.0,.0
1986,12,.0,.0,.0,.0,.0,.0,.0,.0,.0,.0,.0,.0,.0,.0,.0,.0,.0,.0,.0,.0,.0,.0,.0,.0,.0,.0,16.0,.0,.0,.0,.0
1987,01,.0,.0,.0,.0,.0,.0,.0,.0,.0,.0,.0,.0,.0,.0,.0,.0,.0,.0,.0,.0,.0,.0,.0,.0,.0,.0,.0,.0,.0,.0,.0
1987,02,.0,.0,.0,.0,.0,.0,.0,.0,.0,.0,.0,.0,.0,.0,.0,.0,.0,.0,.0,.0,.0,.0,.0,.0,.0,.0,.0,.0
1987,03,.0,.0,.0,.0,.0,.0,.0,.0,.0,.0,.0,.0,.0,.0,.0,.0,.0,.0,.0,.0,.0,.0,.0,.0,.0,.0,.0,.0,.0,.0,.0
1987,04,.0,.0,.0,.0,.0,.0,.0,.0,.0,.0,.0,.0,.0,.0,.0,.0,25.0,2.2,.0,.0,.0,.0,.0,.0,.0,.0,.0,.0,.0,.0
1987,05,.0,.0,.0,.0,.0,.0,.0,.0,.0,.0,.0,.0,.0,.0,.0,8.0,.0,19.4,.0,.0,11.4,.0,.0,.0,.0,12.0,.0,.0,.0,.0,.0
1987,06,.0,8.0,.0,.0,.0,.0,.0,.0,.0,.0,16.0,.0,.0,.0,.0,.0,10.8,.0,.0,.0,.0,.0,14.0,.0,25.0,19.2,13.3,.0,.0,.0
1987,07,1.2,28.0,12.0,7.4,.0,7.0,11.4,14.0,1.0,.0,.0,.0,.0,.0,.0,.0,.0,.0,.0,.0,.0,.0,.0,.0,.0,3.4,.0,.0,.0,.0,.0
1987,08,.0,.0,.0,.0,6.2,.0,3.6,.0,.0,.0,.0,.0,2.4,.0,.0,2.4,68.4,1.2,4.0,2.6,1.0,2.0,2.4,2.4,7.2,3.0,.0,.0,.0,.0,.0
1987,09,.0,.0,.0,2.3,.0,.0,.0,.0,.0,.0,.0,.0,.0,.0,.0,.0,.0,19.2,.0,.0,1.8,.0,.0,.0,.0,6.8,.0,.0,13.8,3.6
1987,10,6.0,8.6,20.0,.0,.0,.0,19.2,.0,.0,.0,.0,.0,.0,.0,.0,.0,6.2,1.2,.0,.0,.0,16.4,.0,24.6,.0,.0,.0,.0,.0,.0,.0
1987,11,.0,.0,.0,.0,8.6,.0,.0,.0,.0,.0,.0,.0,.0,.0,5.4,13.2,5.2,.0,.0,.0,1.2,.0,.0,.0,.0,.0,.0,.0,.0,.0
1987,12,.0,.0,.0,.0,.0,.0,.0,.0,.0,.0,63.4,14.6,6.2,.0,.0,.0,.0,.0,.0,.0,.0,.0,.0,.0,.0,.0,.0,.0,.0,.0,.0
1988,01,.0,.0,.0,.0,.0,.0,.0,.0,.0,.0,.0,.0,.0,.0,.0,.0,.0,.0,.0,.0,.0,.0,.0,.0,.0,.0,.0,.0,.0,.0,.0
1988,02,.0,.0,.0,.0,.0,.0,.0,.0,.0,.0,.0,.0,.0,.0,.0,.0,.0,.0,.0,.0,.0,.0,.0,.0,.0,.0,.0,.0,.0
1988,03,.0,.0,.0,.0,.0,.0,.0,.0,.0,.0,.0,.0,.0,.0,.0,.0,.0,.0,.0,.0,.0,.0,.0,.0,.0,.0,.0,.0,.0,.0,.0
1988,04,.0,.0,.0,.0,.0,.0,.0,.0,.0,.0,.0,.0,.0,.0,.0,.0,.0,.0,8.5,.0,.0,.0,.0,.0,.0,.0,.0,.0,.0,.0
1988,05,15.0,.0,.0,.0,.0,.0,.0,.0,.0,.0,.0,.0,.0,.0,.0,.0,.0,.0,.0,.0,.0,.0,.0,43.8,.0,.0,.0,.0,.0,.0,.0
1988,06,.0,.0,.0,.0,.0,.0,1.2,1.0,.0,.0,.0,.0,7.6,.0,1.2,1.0,.0,.0,.0,.0,.0,.0,.0,3.6,5.2,1.6,8.8,1.0,.0,.0
1988,07,.0,.0,.0,.0,.0,2.6,1.0,.0,.0,.0,.0,.0,.0,11.2,5.6,10.4,14.4,13.2,9.4,10.4,3.8,4.2,5.2,9.4,.0,6.6,3.4,1.8,4.8,8.4,1.2
1988,08,1.0,7.2,76.4,5.2,8.6,2.2,15.6,1.2,1.0,1.1,1.8,1.4,.0,.0,.0,2.2,10.2,2.4,.0,2.6,.0,.0,8.2,.0,.0,.0,.0,.0,6.4,.0,1.6
1988,09,10.4,9.2,1.6,.0,1.2,4.4,.0,.0,3.8,.0,12.8,15.6,.0,1.8,.0,.0,.0,2.6,7.4,.0,2.6,4.2,3.6,2.4,.0,13.8,.0,.0,.0,.0
1988,10,.0,17.4,.0,.0,.0,.0,.0,.0,.0,.0,.0,.0,.0,.0,.0,.0,.0,.0,.0,.0,.0,.0,.0,.0,.0,.0,.0,.0,.0,.0,.0
1988,11,.0,.0,.0,.0,.0,.0,.0,.0,.0,.0,.0,.0,.0,.0,.0,.0,.0,.0,.0,.0,.0,.0,.0,.0,.0,.0,.0,.0,.0,.0
1988,12,.0,.0,.0,.0,.0,.0,.0,.0,.0,.0,.0,.0,.0,19.2,.0,.0,.0,.0,.0,.0,.0,.0,.0,.0,.0,.0,.0,.0,.0,.0,.0
1989,01,.0,.0,.0,.0,.0,.0,.0,.0,.0,.0,.0,.0,.0,.0,.0,.0,.0,.0,.0,.0,.0,.0,.0,.0,.0,.0,.0,.0,.0,.0,.0
1989,02,.0,.0,.0,.0,.0,.0,.0,.0,.0,.0,.0,.0,.0,.0,.0,.0,.0,.0,.0,.0,.0,.0,.0,.0,.0,.0,.0,.0
1989,03,.0,.0,.0,.0,.0,.0,.0,.0,.0,10.0,.0,.0,.0,.0,.0,.0,.0,.0,.0,.0,.0,.0,.0,.0,4.2,.0,.0,.0,.0,.0,.0
1989,04,.0,.0,.0,.0,.0,.0,.0,.0,.0,.0,.0,.0,.0,.0,.0,.0,.0,.0,.0,3.2,20.4,11.2,.0,.0,.0,.0,.0,.0,.0,.0
1989,05,.0,.0,.0,.0,.0,.0,3.2,.0,.0,.0,.0,.0,.0,.0,.0,.0,1.2,.0,.0,.0,.0,.0,.0,.0,.0,.0,.0,.0,.0,.0,.0
1989,06,12.3,3.2,25.6,.0,2.2,3.6,.0,5.2,.0,.0,.0,2.4,.0,6.2,.0,.0,.0,1.2,.0,.0,.0,5.4,.0,.0,.0,.0,.0,.0,9.4,3.2
1989,07,.0,.0,.0,.0,.0,.0,.0,.0,.0,.0,.0,.0,.0,.0,1.2,.0,6.8,32.6,.0,.0,4.2,7.6,37.2,40.4,10.6,1.8,2.8,.0,.0,.0,.0
1989,08,.0,.0,1.2,.0,1.3,2.2,.0,.0,.0,.0,.0,.0,.0,2.6,.0,1.8,.0,.0,5.6,2.4,1.4,.0,2.8,1.2,.0,.0,.0,.0,.0,.0,.0
1989,09,.0,.0,.0,.0,.0,.0,.0,.0,.0,.0,.0,.0,.0,.0,.0,.0,.0,.0,14.8,67.2,.0,.0,.0,.0,2.2,.0,.0,7.4,.0,.0
1989,10,.0,.0,.0,.0,.0,.0,.0,.0,.0,.0,.0,.0,.0,.0,.0,.0,.0,.0,.0,.0,.0,.0,.0,.0,.0,.0,.0,.0,.0,.0,.0
1989,11,.0,.0,.0,.0,.0,.0,.0,.0,.0,.0,.0,.0,.0,.0,.0,.0,.0,.0,.0,.0,.0,.0,.0,.0,.0,.0,.0,.0,.0,.0
1989,12,.0,.0,.0,.0,.0,.0,.0,.0,.0,.0,.0,.0,.0,.0,.0,.0,.0,.0,.0,.0,.0,.0,.0,.0,.0,.0,.0,.0,.0,.0,.0
1990,01,.0,.0,.0,.0,.0,.0,.0,.0,.0,.0,.0,.0,.0,.0,.0,.0,.0,.0,.0,.0,.0,.0,.0,.0,.0,.0,.0,.0,.0,.0,.0
1990,02,.0,.0,.0,.0,.0,.0,.0,.0,.0,.0,.0,.0,.0,.0,.0,.0,.0,.0,.0,.0,.0,.0,.0,.0,.0,.0,.0,.0
1990,03,.0,.0,.0,.0,.0,.0,.0,.0,.0,.0,.0,.0,.0,.0,.0,.0,.0,.0,.0,.0,.0,.0,.0,.0,.0,.0,.0,.0,.0,.0,.0
1990,04,.0,.0,.0,.0,.0,.0,.0,.0,.0,.0,.0,.0,.0,.0,.0,.0,.0,.0,.0,.0,.0,.0,.0,.0,.0,.0,.0,.0,.0,.0
1990,05,1.2,.0,.0,.0,.0,.0,.0,.0,.0,.0,10.8,.0,.0,.0,.0,.0,.0,.0,58.2,.0,.0,.0,.0,.0,60.2,.0,.0,4.2,.0,.0,5.4
1990,06,.0,.0,.0,.0,.0,.0,.0,.0,.0,.0,.0,.0,.0,.0,.0,.0,.0,.0,.0,.0,.0,.0,.0,.0,.0,4.6,.0,4.4,.0,2.2
1990,07,.0,2.6,.0,11.2,3.4,.0,.0,3.2,.0,.0,.0,.0,.0,.0,.0,6.4,10.8,7.6,.0,.0,2.6,.0,1.3,5.4,13.4,.0,.0,.0,.0,.0,.0
1990,08,.0,.0,.0,.0,.0,.0,.0,.0,2.6,5.4,21.4,.0,.0,12.6,2.8,5.6,20.9,7.2,.0,1.2,1.4,.0,.0,2.8,1.2,6.4,.0,.0,.0,.0,.0
1990,09,.0,.0,.0,.0,1.2,.0,.0,.0,.0,.0,.0,.0,.0,.0,.0,.0,.0,.0,.0,.0,.0,.0,.0,.0,.0,.0,.0,.0,.0,.0
1990,10,.0,.0,.0,.0,.0,.0,.0,13.6,80.6,.0,.0,.0,.0,.0,.0,.0,.0,.0,.0,.0,.0,.0,.0,.0,.0,8.6,18.2,.0,.0,.0,.0
1990,11,.0,.0,.0,.0,.0,.0,.0,.0,.0,.0,.0,.0,.0,.0,.0,.0,.0,.0,5.8,26.8,.0,.0,.0,.0,.0,.0,.0,.0,.0,.0
1990,12,.0,.0,.0,.0,.0,.0,.0,.0,.0,.0,.0,.0,.0,.0,.0,.0,.0,.0,.0,.0,.0,.0,.0,.0,.0,.0,.0,.0,.0,.0,.0
1991,01,.0,.0,.0,.0,.0,.0,.0,.0,.0,.0,.0,.0,.0,.0,.0,.0,.0,.0,.0,.0,.0,.0,.0,.0,.0,.0,.0,.0,.0,.0,.0
1991,02,.0,.0,.0,.0,.0,.0,.0,.0,.0,.0,.0,.0,.0,.0,.0,.0,.0,.0,.0,.0,.0,.0,.0,.0,.0,.0,.0,.0
1991,03,.0,.0,.0,.0,.0,.0,.0,.0,.0,.0,.0,.0,.0,.0,.0,.0,.0,.0,.0,.0,.0,.0,.0,.0,.0,.0,.0,.0,.0,.0,.0
1991,04,.0,1.2,.0,.0,4.4,9.2,.0,.0,.0,.0,.0,.0,.0,.0,.0,.0,.0,.0,16.4,.0,.0,.0,.0,.0,.0,6.4,.0,.0,.0,.0
1991,05,.0,.0,.0,.0,.0,.0,.0,.0,.0,.0,.0,30.2,.0,.0,.0,.0,.0,.0,.0,.0,.0,.0,14.2,.0,.0,.0,28.4,.0,11.6,3.8,.0
1991,06,.0,2.4,30.6,15.2,8.2,33.4,34.6,26.4,66.4,20.4,.0,.0,.0,.0,.0,.0,.0,.0,.0,.0,.0,.0,.0,.0,.0,.0,.0,27.6,18.6,.0
1991,07,.0,.0,.0,.0,.0,.0,.0,.0,25.4,.0,.0,.0,.0,15.4,10.2,5.4,16.8,10.2,6.4,.0,.0,.0,.0,.0,.0,10.6,88.8,13.2,.0,.0,.0
1991,08,5.2,8.6,10.4,.0,.0,5.4,.0,3.8,1.8,1.2,3.4,.0,.0,33.6,28.2,5.4,.0,.0,2.4,6.2,8.4,.0,2.6,2.2,2.4,.0,6.2,.0,.0,.0,.0
1991,09,.0,.0,.0,.0,.0,.0,.0,.0,.0,.0,.0,.0,2.4,.0,12.4,.0,13.8,.0,.0,.0,.0,.0,.0,.0,.0,.0,6.4,.0,.0,.0
1991,10,.0,40.2,3.6,.0,.0,.0,.0,.0,.0,.0,.0,.0,.0,.0,.0,.0,.0,.0,.0,.0,.0,.0,.0,.0,.0,.0,.0,.0,.0,.0,.0
1991,11,.0,.0,.0,.0,.0,.0,.0,.0,.0,.0,.0,.0,.0,.0,.0,.0,.0,.0,.0,.0,.0,.0,.0,.0,.0,.0,.0,.0,.0,.0
1991,12,.0,.0,.0,.0,.0,.0,.0,.0,.0,.0,.0,.0,.0,.0,.0,.0,.0,.0,.0,.0,.0,.0,.0,.0,.0,.0,.0,.0,.0,.0,.0
1992,01,.0,.0,.0,.0,.0,.0,.0,.0,.0,.0,.0,.0,.0,.0,.0,.0,.0,.0,.0,.0,.0,.0,.0,.0,.0,.0,.0,.0,.0,.0,.0
1992,02,.0,.0,.0,.0,.0,.0,.0,.0,.0,.0,.0,.0,.0,.0,.0,.0,.0,.0,.0,.0,.0,.0,.0,.0,.0,.0,.0,.0,.0
1992,03,.0,.0,.0,.0,.0,.0,.0,.0,.0,.0,.0,.0,.0,.0,.0,.0,.0,.0,.0,.0,.0,.0,.0,.0,.0,.0,.0,.0,.0,.0,.0
1992,04,.0,.0,.0,.0,.0,.0,.0,.0,.0,.0,.0,.0,.0,.0,.0,.0,.0,.0,.0,.0,.0,.0,.0,.0,.0,.0,.0,.0,.0,.0
1992,05,.0,.0,.0,.0,.0,.0,.0,.0,.0,.0,.0,.0,.0,12.0,.0,37.4,.0,.0,.0,.0,.0,.0,.0,.0,.0,.0,.0,.0,.0,4.4,.0
1992,06,.0,20.6,.0,.0,.0,.0,.0,20.6,.0,.0,.0,.0,2.6,12.4,.0,.0,.0,.0,.0,.0,17.2,.0,.0,.0,.0,.0,.0,.0,.0,.0
1992,07,.0,.0,.0,.0,.0,.0,.0,.0,.0,.0,46.8,.0,9.8,.0,.0,.0,.0,4.6,4.2,16.4,2.4,5.8,.0,.0,5.8,3.6,4.6,4.2,6.4,.0,.0
1992,08,3.8,.0,.0,.0,.0,.0,.0,23.6,.0,.0,4.6,5.8,.0,2.4,.0,4.6,3.2,.0,5.6,3.2,.0,2.2,.0,.0,.0,.0,.0,4.2,4.2,.0,.0
1992,09,1.0,.0,2.5,1.2,1.0,.0,5.0,1.0,1.0,.0,.0,.0,.0,.0,.0,.0,.0,.0,.0,.0,.0,.0,.0,.0,.0,.0,.0,34.6,4.2,16.8
1992,10,.0,.0,.0,3.2,25.6,.0,.0,.0,.0,27.6,.0,.0,.0,.0,.0,.0,.0,.0,.0,.0,.0,.0,.0,.0,6.0,.0,.0,.0,8.4,.0,.0
1992,11,.0,.0,.0,.0,.0,.0,.0,.0,.0,.0,3.2,.0,.0,.0,.0,2.4,.0,.0,5.2,.0,.0,.0,.0,.0,.0,.0,12.6,.0,.0,.0
1992,12,.0,.0,.0,.0,.0,.0,.0,.0,.0,.0,.0,.0,.0,.0,.0,.0,.0,.0,.0,.0,.0,.0,.0,.0,.0,.0,.0,.0,.0,.0,.0
1993,01,.0,.0,.0,.0,.0,.0,.0,.0,.0,.0,.0,.0,.0,.0,.0,.0,.0,.0,.0,.0,.0,.0,.0,.0,.0,.0,.0,.0,.0,.0,.0
1993,02,.0,.0,.0,.0,.0,.0,.0,.0,.0,.0,.0,.0,.0,.0,.0,.0,.0,.0,.0,.0,.0,.0,.0,.0,.0,.0,.0,.0
1993,03,.0,.0,.0,.0,.0,.0,.0,.0,.0,.0,.0,.0,.0,.0,.0,.0,.0,.0,.0,.0,.0,.0,.0,.0,.0,.0,.0,.0,.0,.0,.0
1993,04,.0,.0,.0,.0,.0,.0,.0,.0,.0,.0,.0,.0,.0,.0,.0,.0,.0,.0,.0,.0,.0,.0,.0,.0,.0,.0,.0,.0,.0,.0
1993,07,.0,.0,.0,.0,.0,6.4,.0,.0,.0,.0,2.2,.0,4.6,8.4,11.2
1993,08,1.2,30.2,25.6,25.4,1.2,.0,.0,.0,.0,.0,.0,6.8,8.8,.0,2.4,4.6,20.6,.0,.0,3.4,.0,.0,.0,.0,14.2,14.6,.0,13.2,.0,.0,.0
1993,09,.0,.0,.0,.0,.0,.0,6.4,.0,6.2,.0,.0,.0,.0,10.2,.0,.0,.0,.0,.0,.0,.0,.0,6.4,.0,.0,.0,.0,3.4,.0,.0
1993,10,62.6,.0,.0,.0,.0,.0,.0,.0,.0,.0,31.2,66.4,2.4,19.2,.0,3.6,.0,.0,.0,.0,.0,.0,.0,.0,.0,.0,.0,.0,.0,.0,.0
1993,11,.0,.0,.0,.0,.0,.0,.0,.0,.0,.0,.0,.0,.0,.0,.0,.0,.0,.0,.0,.0,.0,.0,.0,.0,.0,.0,.0,.0,.0,.0
1993,12,.0,.0,.0,.0,1.3,.9,1.4,.3,.0,.0,.0,.0,.0,.0,.0,.0,.0,.0,.0,.0,.0,.0,.0,.0,.0,.0,.0,.0,.0,.0,.0
1994,01,.0,.0,.0,.0,.0,.0,.0,.0,.0,.0,.0,.0,.0,.0,.0,.0,.0,.0,.0,.0,.0,.0,.0,.0,.0,.0,.0,.0,.0,.0,.0
1994,02,.0,.0,.0,.0,.0,.0,.0,.0,.0,.0,.0,.0,.0,.0,.0,.0,.0,.0,.0,.0,.0,.0,.0,.0,.0,.0,.0,.0
1994,03,.0,.0,.0,.0,.0,.0,.0,.0,.0,.0,.0,.0,.0,.0,.0,.0,.0,.0,.0,.0,.0,.0,.0,.0,.0,.0,.0,.0,.0,.0,.0
1994,04,.0,.0,.0,.0,.0,.0,.0,.0,.0,.0,.0,.0,.0,.0,.0,.0,.0,.0,.0,.0,.0,.0,.0,.0,.0,.0,.0,.0,.0,.0
1994,05,.0,.0,.0,.0,.0,.0,.0,.0,.0,.0,.0,.0,.0,.0,.0,.0,.0,.0,.0,.0,.0,.0,.0,.0,.0,.0,.0,.0,.0,32.6,38.4
1994,06,36.8,35.8,.0,3.8,.0,16.2,.0,.0,.0,.0,18.6,7.8,12.6,.0,6.2,8.2,16.8,.0,.0,.0,.0,.0,.0,.0,19.2,.0,.0,.0,35.2,.0
1994,07,.0,.0,4.3,10.3,.0,.0,.0,.0,.0,4.1,14.1,31.3,22.1,16.2,11.2,11.3,.0,6.3,3.1,.0,.0,3.1,.0,18.6,8.2,4.6,2.2,.0,.0,.0,.0
1994,08,.0,5.2,.0,.0,.0,.0,.0,.0,.0,.0,.0,.0,.0,.0,.0,.0,.0,.0,.0,.0,.0,.0,.0,.0,.0,.0,28.2,5.2,6.2,.0,4.2
1994,09,4.2,13.2,6.4,4.0,6.0,4.2,.0,.0,.0,.0,.0,.0,.0,.0,.0,.0,.0,.0,.0,.0,.0,.0,.0,.0,.0,.0,.0,.0,.0,.0
1994,10,.0,3.2,23.0,.0,28.6,18.6,.0,.0,.0,.0,.0,.0,.0,.0,.0,.0,.0,.0,.0,.0,.0,.0,.0,.0,.0,.0,.0,.0,.0,.0,.0
1994,11,.0,.0,.0,.0,.0,.0,.0,.0,.0,.0,.0,.0,.0,.0,.0,.0,.0,.0,.0,.0,.0,.0,.0,.0,.0,.0,.0,.0,.0,.0
1994,12,.0,.0,.0,.0,.0,.0,.0,.0,.0,.0,.0,.0,.0,.0,.0,.0,.0,.0,.0,.0,.0,.0,.0,.0,.0,.0,.0,.0,.0,.0,.0
1995,01,.0,.0,.0,.0,.0,.0,.0,.0,.0,.0,.0,.0,.0,.0,.0,.0,.0,.0,.0,.0,.0,.0,.0,.0,.0,.0,.0,.0,.0,.0,.0
1995,02,.0,.0,.0,.0,.0,.0,.0,.0,.0,.0,.0,.0,.0,.0,.0,.0,.0,.0,.0,.0,.0,.0,.0,.0,.0,.0,.0,.0
1995,03,.0,.0,.0,.0,.0,.0,.0,.0,.0,.0,.0,.0,.0,.0,.0,.0,.0,.0,.0,.0,.0,.0,.0,.0,.0,.0,.0,.0,.0,.0,.0
1995,04,.0,.0,.0,.0,.0,.0,.0,.0,.0,.0,.0,.0,.0,.0,.0,.0,4.0,.0,.0,3.0,.0,.0,.0,.0,.0,.0,.0,.0,.0,.0
1995,10,.0,.0,.0,.0,.0,.0,.0,.0,.0,.0,.0,.0,.0,.0,.0,.0,.0,.0,.0,.0,.0,.0,.0,.0,.0,.0,.0,.0,.0,.0,.0
1995,11,.0,.0,.0,.0,.0,.0,.0,.0,.0,.0,.0,.0,.0,.0,.0,.0,.0,.0,.0,.0,.0,.0,.0,.0,.0,.0,.0,.0,.0,.0
1995,12,.0,.0,.0,.0,.0,.0,.0,.0,.0,.0,.0,.0,.0,.0,.0,.0,.0,.0,.0,.0,.0,.0,.0,.0,.0,.0,.0,.0,.0,.0,.0
1996,01,.0,.0,.0,.0,.0,.0,.0,.0,.0,.0,.0,.0,.0,.0,.0,.0,.0,.0,.0,.0,.0,.0,.0,.0,.0,.0,.0,.0,.0,.0,.0
1996,02,.0,.0,.0,.0,.0,.0,.0,.0,.0,.0,.0,.0,.0,.0,.0,.0,.0,.0,.0,.0,.0,.0,.0,.0,.0,.0,.0,.0,.0
1996,03,.0,.0,.0,.0,.0,.0,.0,.0,.0,.0,.0,.0,.0,.0,.0,.0,.0,.0,.0,.0,.0,.0,.0,.0,.0,.0,.0,.0,.0,.0,.0
1996,04,.0,.0,.0,.0,.0,.0,.0,.0,.0,.0,.0,.0,.0,.0,.0,.0,.0,.0,.0,.0,.0,.0,.0,.0,.0,.0,.0,.0,.0,.0
1996,05,.0,.0,.0,.0,.0,.0,.0,.0,.0,.0,.0,.0,.0,.0,.0,.0,.0,.0,.0,.0,.0,.0,.0,.0,.0,.0,.0,.0,.0,.0,.0
1996,06,.0,.0,.0,.0,1.8,.0,.0,.0,.0,1.2,.0,.0,.0,3.2,9.0,10.0,5.0,9.0,10.0,8.0,8.0,.0,.0,.0,.0,.0,.0,.0,.0,.0
1996,07,.0,.0,.0,.0,.0,.0,8.2,2.0,4.0,.0,.0,.0,.0,.0,.0,1.0,1.0,1.2,.0,1.2,2.0,4.0,9.0,2.2,4.2,1.2,1.2,4.0,1.0,.0,.4
1996,08,1.0,10.0,9.0,4.0,.0,.0,2.0,.0,1.0,.0,.0,.0,2.0,2.0,1.0,.0,.0,.0,.0,.0,1.0,1.0,.0,15.0,3.0,.0,2.0,.0,.0,.0,.0
1996,09,.0,.0,.0,.0,.0,22.0,4.0,.0,.0,.0,.0,.0,.0,.0,.0,.0,.0,.0,.0,.0,.0,.0,.0,.0,12.0,2.0,.0,27.0,12.0,.0
1996,10,26.0,87.0,136.0,25.0,.0,.0,.0,.0,.0,.0,.0,.0,.0,.0,.0,.0,.0,.0,29.0,12.0,42.0,17.0,5.0,.0,.0,.0,.0,.0,.0,.0,.0
1996,11,.0,.0,.0,.0,.0,.0,.0,.0,.0,.0,.0,.0,.0,.0,.0,.0,.0,.0,.0,.0,.0,.0,.0,.0,.0,.0,.0,.0,.0,.0
1996,12,.0,.0,.0,.0,.0,.0,.0,.0,.0,.0,.0,.0,.0,.0,.0,.0,.0,.0,.0,.0,.0,.0,.0,.0,.0,.0,.0,.0,.0,.0,.0
1998,01,.0,.0,.0,.0,.0,.0,.0,.0,.0,.0,.0,.0,.0,.0,.0,.0,.0,.0,.0,.0,.0,.0,.0,.0,.0,.0,.0,.0,.0,.0,.0
1998,02,.0,.0,.0,.0,.0,.0,.0,.0,.0,.0,.0,.0,.0,.0,.0,.0,.0,.0,.0,.0,.0,.0,.0,.0,.0,.0,.0,.0
1998,03,.0,.0,.0,.0,.0,.0,.0,.0,.0,.0,.0,.0,.0,.0,.0,.0,.0,.0,.0,.0,.0,.0,.0,.0,.0,.0,.0,.0,.0,.0,.0
1998,04,.0,.0,.0,.0,.0,.0,.0,.0,.0,.0,.0,.0,.0,.0,.0,.0,.0,.0,.0,.0,.0,.0,.0,.0,.0,.0,.0,.0,.0,29.0
1998,05,.0,.0,.0,.0,.0,.0,.0,.0,.0,.0,.0,.0,.0,.0,.0,.0,22.0,.0,.0,.0,.0,.0,.0,.0,.0,.0,.0,.0,.0,.0,.0
1998,06,.0,.0,.0,.0,.0,2.0,.0,.0,4.0,4.5,3.0,.0,.0,.0,.0,8.0,.0,.0,11.0,.0,48.0,10.0,.0,.0,.0,.0,4.0,8.0,6.0,18.0
1998,07,7.0,12.5,4.5,4.0,11.0,3.5,3.0,1.5,45.0,3.0,.0,.0,.0,.0,.0,.0,.0,.0,.0,9.5,15.0,2.0,.0,.0,36.0,6.0,.0,7.0,25.0,7.0,2.0
1998,08,1.0,.0,.0,.0,.0,.0,4.0,3.0,3.0,4.0,9.0,11.0,.0,8.5,.0,17.0,2.0,.0,17.0,3.0,.0,2.0,16.0,6.0,11.0,.0,10.0,3.0,.0,.0,.0
1998,09,.0,.0,.0,.0,6.0,.0,.0,5.0,8.0,.0,.0,.0,.0,.0,.0,.0,.0,.0,.0,.0,.0,.0,.0,.0,48.0,9.0,5.0,62.0,28.0,3.0
1998,10,.0,.0,2.0,3.0,16.0,.0,51.0,11.0,13.0,15.0,2.0,48.0,5.0,2.0,18.0,2.0,.0,.0,.0,.0,.0,.0,.0,.0,.0,.0,.0,.0,.0,.0,.0
1998,11,.0,.0,.0,.0,.0,.0,.0,7.0,.0,.0,.0,.0,.0,.0,.0,.0,.0,.0,.0,6.0,.0,.0,.0,.0,.0,.0,.0,.0,.0,.0
1998,12,.0,.0,.0,.0,.0,.0,.0,.0,.0,.0,.0,.0,.0,.0,.0,.0,.0,.0,.0,.0,.0,.0,.0,.0,.0,.0,.0,.0,.0,.0,.0
1999,02,.0,.0,.0,.0,7.0,.0,.0,.0,.0,.0,.0,.0,.0,.0,.0,.0,.0,.0,.0,.0,.0,.0,.0,.0,.0,.0,.0,.0
1999,05,.0,.0,.0,.0,.0,.0,.0,47.0,.0,.0,.0,.0,.0,.0,.0,.0,3.0,.0,.0,.0,.0,44.0,.0,22.0,.0,.0,.0,.0,.0,.0,.0
1999,06,.0,.0,.0,.0,.0,.0,.0,.0,.0,.0,.0,.0,.0,.0,2.0,4.0,3.0,11.0,7.0,20.0,7.0,12.0,5.0,18.0,41.0,19.0,.0,.0,2.0,.0
1999,07,.0,.0,.0,.0,.0,.0,2.0,3.0,.0,.0,4.0,3.0,.0,2.0,5.0,8.0,18.0,11.0,6.0,14.0,16.0,20.0,5.0,7.0,2.0,7.0,11.0,3.0,2.0,.0,.0
1999,08,.0,2.0,.0,1.0,3.0,6.0,4.0,8.0,3.0,.0,2.0,.0,.0,.0,.0,.0,.0,.0,.0,.0,.0,.0,.0,.0,3.0,1.0,2.0,6.0,7.0,.0,.0
1999,09,.0,.0,.0,2.0,.0,.0,.0,.0,1.0,3.0,.0,.0,2.0,.0,.0,.0,.0,.0,.0,.0,.0,.0,.0,.0,.0,.0,19.0,1.0,31.0,5.0
1999,10,2.0,12.0,.0,11.0,.0,8.0,5.0,8.0,.0,19.0,4.0,.0,.0,.0,107.0,.0,12.5,.0,.0,.0,.0,.0,.0,.0,.0,41.0,14.5,4.0,.0,.0,.0
2000,01,.0,.0,.0,.0,.0,.0,.0,.0,.0,.0,.0,.0,.0,.0,.0,.0,.0,.0,.0,.0,.0,.0,.0,.0,.0,.0,.0,.0,.0,.0,.0
2000,02,.0,.0,.0,.0,.0,.0,.0,.0,.0,.0,.0,.0,.0,.0,.0,.0,.0,.0,.0,.0,.0,.0,.0,.0,.0,.0,.0,.0,.0
2000,03,.0,.0,.0,.0,.0,.0,.0,.0,.0,.0,.0,.0,.0,.0,.0,.0,.0,.0,.0,.0,.0,.0,.0,.0,.0,.0,.0,.0,.0,.0,.0
2000,04,.0,.0,.0,.0,.0,.0,.0,.0,.0,.0,.0,.0,.0,.0,.0,.0,.0,.0,.0,.0,.0,.0,.0,.0,.0,.0,.0,.0,.0,.0
2000,05,.0,.0,.0,.0,.0,.0,.0,.0,.0,.0,.0,.0,.0,.0,.0,.0,.0,7.5,1.0,.0,.0,.0,.0,.0,.0,.0,18.0,.0,3.5,.0,.0
2000,06,.0,.0,1.5,2.0,44.0,27.0,.0,19.0,7.0,1.0,16.0,5.0,.0,.0,.0,.0,.0,.0,.0,.0,.0,.0,.0,.0,.0,.0,.0,.0,.0,2.0
2000,07,2.0,.0,.0,.0,.0,.0,.0,.0,13.0,17.0,10.0,17.0,28.0,7.0,6.0,2.5,6.0,1.5,2.5,.0,.0,.0,.0,.0,.0,.0,.0,.0,.0,.0,.0
2000,08,.0,.0,.0,.0,.0,44.0,.0,2.0,3.0,8.0,18.0,5.0,.0,.0,.0,.0,.0,.0,2.5,.0,2.0,1.5,9.0,.0,6.0,2.0,8.5,4.0,3.0,.0,3.0
2000,09,2.0,3.5,1.5,.0,1.0,.0,.0,.0,.0,.0,.0,.0,.0,.0,.0,.0,.0,26.0,.0,.0,5.0,50.0,10.0,11.0,18.0,4.0,4.0,5.0,21.0,37.0
2000,10,.0,.0,.0,4.0,7.0,2.0,27.0,1.0,.0,.0,8.0,1.5,.0,8.0,6.0,37.0,.0,.0,.0,13.0,4.0,.0,.0,.0,.0,.0,.0,.0,.0,.0,.0
2000,11,.0,.0,.0,11.0,.0,.0,.0,.0,.0,.0,.0,.0,.0,.0,.0,.0,.0,.0,.0,.0,.0,.0,.0,.0,.0,.0,.0,.0,.0,.0
2000,12,.0,.0,.0,.0,.0,.0,.0,.0,.0,.0,.0,.0,.0,.0,.0,.0,.0,.0,.0,.0,.0,.0,.0,.0,.0,.0,.0,.0,.0,.0,.0
2003,03,.0,.0,.0,.0,.0,.0,.0,.0,.0,.0,.0,.0,.0,.0,.0,.0,.0,.0,.0,.0,.0,7.0,.0,.0,.0,45.0,.0,.0,.0,.0,.0
2003,04,.0,.0,.0,.0,.0,.0,.0,12.0,.0,.0,9.0,.0,.0,.0,.0,.0,.0,.0,.0,.0,.0,.0,.0,.0,.0,6.0,11.5,.0,.0,.0
2003,06,.0,.0,.0,.0,.0,.0,.0,.0,1.5,.0,.0,.0,.0,.0,17.0,7.0,.0,.0,.0,.0,.0,15.0,5.0,.0,.0,.0,.0,.0,.0,.0
2003,08,.0,.0,.0,2.0,.0,2.5,.0,.0,.0,.0,1.5,.0,1.0,2.0,.0,2.5,.0,.0,.0,4.0,2.0,.0,30.5,4.0,.0,5.5,11.0,.0,3.0,1.5,.0
2003,09,8.0,1.5,.0,7.5,6.0,8.5,.0,.0,.0,.0,.0,.0,.0,.0,.0,.0,.0,.0,.0,.0,.0,.0,.0,.0,.0,4.5,3.0,.0,.0,.0
2003,10,12.0,12.5,15.5,16.0,.0,.0,.0,28.0,1.5,3.5,2.0,.0,.0,.0,.0,.0,.0,.0,.0,.0,.0,.0,.0,.0,.0,.0,.0,.0,.0,.0,.0
2004,04,.0,.0,.0,.0,13.0,.0,.0,.0,.0,.0,.0,.0,.0,.0,.0,.0,.0,.0,.0,.0,.0,.0,.0,.0,.0,.0,.0,.0,.0,.0
2004,05,.0,.0,.0,.0,.0,.0,.0,.0,.0,.0,.0,.0,.0,.0,.0,.0,3.0,5.0,.0,.0,.0,.0,.0,.0,.0,.0,.0,.0,.0,.0,7.0
2004,06,31.5,5.7,17.5,.0,.0,7.0,2.0,.0,.0,3.5,.0,2.5,.0,6.5,17.0,10.0,5.0,8.5,5.4,.0,.0,.0,.0,.0,.0,.0,.0,5.0,.0,.0
2004,07,.0,.0,.0,.0,.0,.0,.0,.0,.0,.0,.0,.0,.0,.0,.0,.0,.0,.0,.0,.0,.0,.0,.0,.0,5.0,3.0,9.0,2.5,4.5,10.2,4.5
2004,09,.0,.0,.0,.0,.0,.5,58.0,8.5,.0,7.0,.0,.0,.0,.0,.0,.0,.0,.0,.0,.0,9.5,15.0,18.4,.0,4.5,.0,.0,.0,.0,24.0
2004,10,.0,.0,10.0,.0,47.0,.0,.0,.0,.0,.0,.0,.0,.0,.0,.0,.0,.0,.0,.0,.0,.0,.0,.0,.0,.0,.0,.0,.0,.0,.0,.0
2005,01,.0,.0,.0,.0,.0,.0,.0,.0,.0,.0,.0,.0,.0,.0,.0,.0,.0,.0,.0,.0,.0,.0,.0,.0,.0,.0,.0,.0,.0,.0,.0
2005,02,.0,.0,.0,.0,.0,.0,.0,.0,.0,.0,.0,.0,.0,.0,.0,.0,.0,.0,.0,.0,.0,.0,.0,.0,.0,.0,.0,.0
2005,03,.0,.0,.0,.0,.0,.0,.0,.0,.0,.0,.0,.0,.0,.0,.0,.0,.0,.0,.0,.0,.0,.0,.0,.0,.0,.0,.0,.0,.0,.0,.0
2005,04,.0,.0,.0,.0,.0,.0,.0,.0,.0,.0,.0,.0,85.0,.0,7.0,.0,.0,.0,.0,.0,.0,.0,45.0,.0,.0,.0,.0,.0,.0,.0
2005,05,.0,.0,.0,.0,.0,.0,.0,.0,.0,.0,.0,.0,.0,.0,.0,.0,.0,.0,.0,.0,.0,.0,.0,.0,.0,.0,.0,.0,65.0,.0,.0
2005,06,42.0,.0,.0,.0,.0,.0,.0,22.4,.0,.0,4.0,.0,.0,.0,83.6,.0,.0,.0,2.0,2.0,4.2,2.8,4.0,.0,.0,.0,2.2,36.2,26.0,11.0
2005,07,19.0,7.0,6.6,6.2,3.4,1.6,4.6,.0,.0,.0,.0,.0,.0,.0,.0,.0,.0,2.0,.0,.0,7.2,4.6,4.4,.0,4.4,80.8,47.6,18.4,17.0,6.4,2.8
2005,08,16.0,18.4,15.6,5.2,11.0,5.0,1.4,7.6,9.6,.0,8.2,2.0,3.0,5.2,1.5,4.4,15.0,11.6,.8,6.0,2.4,2.5,1.8,.0,1.0,11.4,.0,.0,.0,.0,1.5
2005,09,1.5,6.6,.0,.0,27.0,.6,.0,9.4,1.4,1.4,1.0,7.0,8.0,5.0,6.6,.0,8.0,6.5,.0,6.0,1.0,34.0,12.0,1.0,.0,.0,.0,.0,38.0,.0
2005,10,.0,.0,7.2,41.0,.0,.0,.0,.0,.0,.0,.0,1.0,10.0,49.2,1.2,6.0,1.2,.0,.0,.0,.0,.0,.0,.0,.0,.0,.0,5.0,.0,.0,.0
2005,11,.0,.0,.0,.0,.0,.0,.0,.0,.0,.0,.0,.0,.0,.0,.0,.0,.0,.0,.0,.0,.0,.0,.0,.0,.0,.0,.0,.0,.0,.0
2005,12,.0,.0,.0,.0,.0,.0,.0,.0,.0,.0,.0,.0,.0,.0,.0,.0,.0,.0,.0,.0,.0,.0,.0,.0,.0,.0,.0,.0,.0,.0,.0
2006,01,.0,.0,.0,.0,.0,.0,.0,.0,.0,.0,.0,.0,.0,.0,.0,.0,.0,.0,.0,.0,.0,.0,.0,.0,.0,.0,.0,.0,.0,.0,.0
2006,02,.0,.0,.0,.0,.0,.0,.0,.0,.0,.0,.0,.0,.0,.0,.0,.0,.0,.0,.0,.0,.0,.0,.0,.0,.0,.0,.0,.0
2006,03,.0,.0,.0,.0,.0,.0,.0,.0,8.6,.0,.0,.0,.0,.0,.0,.0,.0,.0,.0,.0,.0,.0,.0,.0,.0,.0,.0,.0,.0,.0,.0
2006,04,.0,.0,.0,.0,.0,.0,.0,.0,.0,.0,.0,.0,.0,.0,.0,.0,.0,.0,.0,.0,.0,.0,.0,.0,.0,.0,.0,.0,.0,.0
2006,05,.0,.0,.0,.0,.0,.0,.0,.0,.0,.0,.0,.0,.0,.0,.0,.0,.0,.0,.0,.0,.0,.0,.0,.0,.0,6.0,52.0,6.5,84.0,18.0,22.4
2006,06,3.0,7.0,15.2,6.2,.0,.0,.0,.0,.0,.0,.0,.0,.0,.0,.0,.0,42.0,2.0,.0,5.5,.0,.0,.0,5.0,7.5,2.0,10.0,4.4,9.5,1.5
2006,07,7.0,20.0,7.0,5.0,22.5,7.2,5.0,2.0,.0,.0,1.5,2.5,.0,2.0,.0,.0,.0,5.0,15.5,2.0,4.0,2.5,3.5,8.0,5.2,4.0,1.0,21.5,6.0,22.5,6.4
2006,08,4.0,1.5,4.0,8.0,1.5,31.0,35.5,17.5,23.2,5.0,22.0,7.5,2.0,2.5,2.0,3.6,4.5,3.0,.2,.0,.0,.0,.0,.0,.0,.0,.0,.0,.0,.0,.0
2006,09,.0,.0,.0,.0,.0,.0,.0,.0,8.0,24.5,.0,.0,14.8,13.0,31.5,1.0,.0,8.0,.0,.0,6.5,38.0,5.0,.0,.0,.0,.0,.0,21.0,.2
2006,10,.0,.0,30.0,24.0,.0,.0,.0,11.0,.0,.0,.0,.0,.0,.0,.0,.0,.0,.0,.0,.0,.0,.0,.0,.0,.0,.0,.0,.0,.0,.0,.0
2006,11,.0,.0,.0,.0,.0,.0,.0,7.0,.0,.0,.0,.0,.0,.0,.0,.0,.0,.0,.0,.0,.0,.0,.0,.0,9.0,.0,.0,.0,.0,.0
2006,12,.0,.0,.0,.0,.0,.0,.0,.0,.0,.0,.0,.0,.0,.0,.0,.0,.0,.0,.0,.0,.0,.0,.0,.0,.0,.0,.0,.0,.0,.0,.0
2007,01,.0,.0,.0,.0,.0,.0,.0,.0,.0,.0,.0,.0,.0,.0,.0,.0,.0,.0,.0,.0,.0,.0,.0,.0,.0,.0,.0,.0,.0,.0,.0
2007,02,.0,.0,.0,.0,.0,.0,.0,.0,.0,.0,.0,.0,.0,.0,.0,.0,.0,.0,.0,.0,.0,.0,.0,.0,.0,.0,.0,.0
2007,03,.0,.0,.0,.0,.0,.0,.0,.0,.0,.0,.0,.0,.0,.0,.0,.0,.0,.0,.0,.0,.0,.0,.0,.0,.0,.0,.0,.0,.0,.0,.0
2007,04,.0,.0,.0,.0,.0,.0,.0,.0,.0,.0,.0,.0,.0,.0,17.0,.0,.0,.0,.0,18.5,.0,.0,.0,.0,.0,.0,.0,.0,.0,.0
2007,05,.0,.0,.0,.0,.0,.0,.0,.0,.0,.0,.0,.0,.0,.0,.0,.0,.0,.0,.0,.0,.0,.0,.0,.0,.0,22.2,.0,.0,.0,.0,4.5
2007,06,7.0,.0,.0,.0,.0,.0,12.5,.0,3.0,.0,.0,.0,18.0,7.0,10.0,.0,.0,.0,.0,.0,.0,.0,42.0,97.0,5.5,2.2,7.0,2.2,25.8,50.0
2007,07,18.0,13.0,2.4,2.6,4.2,.0,2.0,11.0,8.0,16.5,2.0,1.5,7.2,1.5,3.5,1.0,1.2,4.0,1.0,.0,.0,.0,.0,.0,.0,.0,.0,.0,.0,.0,.0
2007,08,.0,.0,6.4,7.0,22.2,9.2,20.0,.0,9.0,11.0,2.0,4.2,1.5,1.0,.0,2.0,.0,.0,.0,.0,.0,.0,.0,.0,.0,4.0,.0,.0,1.5,.0,10.0
2007,09,2.0,1.0,2.0,.0,.0,3.5,3.0,.0,.0,.0,.0,23.0,.0,33.0,.0,.0,.0,5.5,48.5,.0,.0,.0,.0,2.0,1.5,.0,.0,.0,.0,.0
2007,10,.0,.0,.0,.0,.0,.0,.0,.2,.0,.0,.0,.0,.0,.0,.0,.0,.0,.0,.0,.0,.0,.0,.0,12.0,.0,.0,.0,.0,.0,.0,.0
2007,11,.0,.0,.0,.0,.0,.0,.0,.0,.0,.0,.0,.0,.0,.0,.0,.0,.0,.0,.0,.0,.0,.0,.0,.0,.0,.0,.0,.0,.0,.0
2007,12,.0,.0,.0,.0,.0,.0,.0,.0,.0,.0,.0,.0,.0,.0,.0,.0,.0,.0,.0,.0,.0,.0,.0,.0,.0,.0,.0,.0,.0,.0,.0
2008,03,.0,.0,.0,.0,.0,.0,.0,.0,.0,.0,.0,.0,.0,.0,.0,.0,.0,.0,.0,.0,.0,.0,1.5,.0,8.5,.0,.0,5.6,.0,.0,.0
2008,04,.0,.0,.0,.0,.0,.0,.0,.0,.0,.0,.0,.0,.0,.0,.0,.0,.0,.0,55.0,.0,.0,.0,.0,.0,.0,.0,.0,.0,.0,.0
2008,05,.0,.0,.0,.0,.0,.0,.0,.0,.0,.0,.0,.0,.0,.0,.0,.0,.0,.0,.0,.0,.0,.0,.0,.0,.0,.0,.0,.0,10.0,.0,.0
2008,06,.0,29.0,3.0,32.5,.0,.0,1.5,.0,3.0,.0,.0,12.0,.0,2.0,7.0,.0,3.5,2.0,.0,.0,.0,.0,.0,.0,.0,.0,.0,.0,2.4,11.4
2008,07,.0,2.5,.0,.0,.0,.0,.0,2.5,.0,.0,.0,.0,1.5,.0,.0,.0,.0,.0,.0,.0,.0,.0,.0,.0,.0,.0,6.8,3.8,2.0,3.0,2.5
2008,08,.0,1.5,3.0,2.0,8.5,8.0,2.5,2.0,3.5,25.0,29.0,8.5,10.0,22.0,2.0,3.0,.5,.0,3.5,.0,.0,.0,.0,.0,.0,.0,.0,.0,.0,.0,.0
2008,09,.0,9.8,4.5,5.0,16.0,.0,.0,53.0,4.0,.8,3.5,18.6,7.5,1.0,1.2,2.2,3.0,6.0,6.6,.0,.0,7.0,60.5,.0,3.0,.0,.0,.0,.0,.0
2008,10,.0,.0,.0,.0,11.0,2.2,.0,.0,.0,3.5,4.5,.0,.0,.0,.0,.0,.0,1.8,.0,.0,.0,.0,.0,.0,.0,.0,.0,.0,.0,.0,.0
2008,11,.0,.0,.0,.0,.0,.0,.0,.0,.0,.0,.0,.0,.0,.0,.0,.0,.0,2.1,.0,.0,.0,.0,.0,.0,.0,.0,.0,.0,19.1,12.1
2010,01,.0,.0,.0,.0,.0,.0,.0,.0,.0,.0,.0,11.0,.0,.0,.0,.0,.0,.0,.0,.0,.0,.0,.0,.0,.0,.0,.0,.0,.0,.0,.0
2010,02,.0,.0,.0,.0,.0,.0,.0,.0,.0,.0,.0,.0,.0,.0,.0,.0,.0,.0,.0,.0,.0,.0,.0,.0,.0,.0,.0,.0
2010,03,.0,.0,.0,.0,.0,.0,.0,.0,.0,.0,.0,.0,.0,.0,.0,.0,.0,.0,.0,.0,.0,.0,.0,.0,.0,.0,.0,.0,.0,.0,.0
2010,04,.0,.0,.0,.0,.0,.0,.0,.0,.0,.0,.0,.0,.0,.0,.0,.0,21.0,.0,.0,.0,.0,.0,.0,.0,.0,.0,.0,.0,.0,.0
2010,05,.0,.0,.0,.0,.0,.0,.0,.0,.0,.0,.0,.0,.0,.0,.0,.0,.0,.0,.0,.0,.0,.0,.0,.0,.0,.0,.0,.0,.0,.0,.0
2010,06,.0,.0,.0,.0,.0,.0,.0,.0,.0,31.0,35.5,12.0,49.0,25.0,11.0,8.0,41.0,9.0,3.6,.0,.0,.0,4.3,4.0,4.0,.0,.0,.0,.0,.0
2010,07,.0,.0,.0,.0,.0,.0,2.8,.0,3.0,.0,.0,.0,.0,.0,.0,.0,.0,1.2,.0,14.0,2.0,21.4,6.2,11.8,22.2,61.0,6.4,4.6,22.2,18.3,10.5
2010,08,3.0,2.0,1.0,1.4,.0,.0,.0,.0,.0,.0,1.0,.0,2.5,.0,.0,.0,.0,1.8,.0,2.0,29.5,25.0,.8,.0,.0,.0,2.5,.8,1.2,.0,22.2
2010,09,9.8,1.6,1.8,2.8,2.0,3.0,.8,2.0,.8,.0,.0,.0,.0,.0,.0,.0,.0,.0,15.5,4.0,.0,.0,6.0,35.8,1.5,.8,3.4,7.5,.0,26.0
2010,10,1.2,.0,.0,5.5,.0,.0,.0,.0,.0,.0,.0,.0,.0,.0,15.0,2.0,8.0,.0,.0,.0,.0,.0,5.0,48.0,.0,.0,.0,.0,.0,.0,.0
2010,11,.0,.0,2.8,.0,10.5,34.3,.0,1.8,13.2,2.6,.0,.8,4.8,.0,.0,5.8,.0,.0,.0,.0,.0,.0,.0,.0,.0,.0,.0,.0,.0,.0
2010,12,.0,.0,.0,.0,.0,.0,.0,.0,.0,.0,.0,.0,.0,.0,.0,.0,.0,.0,.0,.0,.0,.0,.0,.0,.0,.0,.0,.0,.0,.0,.0
2011,04,.0,.0,.0,.0,.0,.0,.0,.0,.0,.0,.0,.0,2.0,.0,.0,.0,.0,21.8,.0,.0,.0,.0,.0,.0,.0,.0,.0,.0,.0,.0
2011,05,2.2,.0,.0,.0,.0,.0,.0,.0,.0,.0,.0,.0,.0,.0,.0,.0,.0,.0,.0,.0,.0,.0,.0,.0,.0,.0,7.0,.0,.0,.0,11.0
2011,06,.0,.0,8.2,6.2,18.0,6.0,.0,.0,1.8,.0,9.0,6.0,4.5,.0,.0,39.0,1.8,5.5,1.6,.0,1.0,.0,.8,.0,.0,2.5,5.5,4.6,11.0,2.0
2011,07,.0,.0,1.2,.0,.0,.0,.0,.0,13.5,1.2,4.0,.0,2.8,7.6,1.8,1.2,18.0,9.5,16.5,3.6,2.0,1.0,1.5,5.5,.0,.0,.0,.0,2.5,5.0,1.2
2011,08,5.5,4.0,4.2,3.0,.0,2.5,2.5,4.0,1.5,1.2,.8,.0,2.8,.6,.0,2.5,1.2,.0,.0,.0,6.0,1.0,.0,.0,.0,3.4,4.0,11.5,7.0,8.8,2.4
2011,09,1.6,10.0,11.5,3.5,1.0,1.0,1.0,2.2,13.0,.8,.0,.0,.0,.0,.0,.0,.0,.0,1.0,.0,.0,.0,.0,.0,.0,.0,.0,.0,.0,9.5
2011,10,15.3,.0,.0,.0,.0,.0,.0,1.5,.0,2.2,6.0,12.0,22.0,.0,.0,5.0,.0,.0,.0,.0,.0,.0,.0,.0,.0,.0,2.0,.0,.0,.0,.0
2012,04,.0,.0,.0,.0,.0,.0,.0,.0,.0,.0,.0,.0,.0,.0,.0,.0,28.2,.0,.0,.0,.0,.0,.0,.0,.0,.0,.6,.0,.0,.0
2012,05,.0,.0,.0,.0,.0,.0,.0,.0,.0,.0,.0,4.4,.0,.0,.0,.0,.0,.0,.0,.0,.0,.0,.0,.0,.0,.0,.0,.0,.0,.0,.0
2012,06,.0,.0,.0,1.4,1.0,.0,.0,.0,.0,.0,.0,.0,.0,.0,.0,.0,.0,9.2,4.2,.0,.0,.0,.0,.0,.0,3.6,.0,.0,.0,.0
2012,07,2.2,.0,.0,1.6,.2,.6,5.8,.0,.0,.0,.0,.0,.0,.0,.0,1.4,.0,4.8,1.8,1.7,10.8,.0,.0,.0,.0,18.2,5.2,1.0,.0,.0,7.2
2012,08,3.6,.0,7.9,4.0,1.0,2.0,4.0,3.0,2.2,3.2,8.0,1.6,1.0,.0,.0,1.8,.0,.0,.0,.0,.0,.0,.0,.0,.0,.0,3.2,.0,.0,.0,.0
2012,09,8.6,2.6,3.0,14.0,6.8,1.0,.0,7.6,2.2,1.0,.0,1.6,.0,.0,.0,.4,2.5,.0,.0,.0,.0,.0,.0,.0,.0,.0,.8,.0,1.0,3.0
2012,10,28.0,18.0,1.4,4.6,.0,12.2,2.6,30.2,3.8,.0,.0,.0,.0,.0,.0,.0,.0,.0,.0,.0,1.0,20.8,.8,.0,.0,.0,.6,.0,.0,.0,.0
2012,11,.0,7.2,.0,.0,.0,4.8,.0,.0,.0,.0,.0,.0,.0,.0,.0,.0,.0,.0,.0,.0,.0,.0,.0,.0,.0,.0,.0,.0,.0,.0
2012,12,.0,.0,.0,.0,.0,.0,.0,.0,.0,.0,.0,.0,.0,.0,.0,.0,.0,.0,.0,.0,.0,.0,.0,.0,.0,.0,.0,.0,.0,.0,2.4
